utterance,intent
i want to fly from boston at 838 am and arrive in denver at 1110 in the morning ,flight
show me all round trip flights between houston and las vegas ,flight
i would like some information on a flight from denver to san francisco on united airlines ,flight
what are the coach flights between dallas and baltimore leaving august tenth and returning august twelve ,flight
i'm flying from boston to the bay area ,flight
okay can you tell me the flight cost between denver and atlanta ,flight
from montreal to las vegas ,flight
what is the earliest breakfast flight from philadelphia to fort worth ,flight
flights from pittsburgh to baltimore between 10 am and 2 pm ,flight
what is the latest flight departing from boston to san francisco ,flight
flights from ontario to florida ,flight
i would like to know the first class fare on a flight from baltimore to denver ,airfare
okay that sounds great let's go from atlanta on april twenty one in the morning to dallas least expensive fare one way ,flight
show me the prices of all flights from atlanta to washington dc ,airfare
flights from cincinnati to o'hare departing after 718 am american ,flight
i'm interested in a flight from pittsburgh to atlanta ,flight
i am interested in booking an early morning flight from dallas into houston on february twenty second and returning late in the evening of february twenty second ,flight
i'm looking for a flight from oakland to denver with a stopover in dallas fort worth ,flight
what's restriction ap68 ,restriction
what types of ground transportation are available in philadelphia ,ground_service
what does the abbreviation co mean ,abbreviation
a first class flight on american to san francisco on the coming tuesday ,flight
please list the flights from baltimore to san francisco on fridays ,flight
what flights return from denver to philadelphia on a saturday ,flight
on united airlines flying from denver to san francisco before 10 am what type of aircraft is used ,flight
i need a flight from atlanta to baltimore nonstop arriving at 7 pm please ,flight
what are the cheapest round trip flights from denver to atlanta ,flight
does continental fly from denver to san francisco ,flight
i would like a nonstop flight from st. petersburg to charlotte leaving in the afternoon ,flight
on continental airlines any class service from san francisco to pittsburgh ,flight
find me the cheapest flight from boston to washington ,flight
well i'll try last time tell me the kind of aircraft united airlines flies from denver to san francisco before 10 o'clock in the morning ,aircraft
show me the northwest flights from detroit to st. petersburg ,flight
morning flights from pittsburgh to atlanta on wednesday ,flight
show me flights first class from san francisco to pittsburgh leaving on tuesday after 8 o'clock in the morning and before 12 noon ,flight
what's the most expensive way i can fly to washington ,flight
show me the cheapest one way fare from baltimore to dallas ,airfare
flights from boston flights from philadelphia to boston on monday ,flight
list nonstop flights from houston to dallas which arrive before midnight ,flight
i need a flight to seattle leaving from baltimore making a stop in minneapolis ,flight
philadelphia to san francisco please ,flight
airline that stands for dl ,airline
i'd like a cheap flight from dallas to baltimore on january first ,flight
what flights are available friday from san francisco to boston ,flight
show me saturday and sunday's flights from milwaukee to phoenix on american airlines ,flight
what flights from st. paul to kansas city on friday with lunch served ,flight
what flights from toronto to philadelphia ,flight
what flights leave from atlanta to boston on june twenty ninth in the afternoon ,flight
what flights leave la guardia for san jose and arrive 10 pm ,flight
list the total number of flights to all airports by delta ,quantity
can you tell me the time a flight would leave from atlanta to boston in the afternoon ,flight_time
show me the united airlines flights from denver to baltimore leaving on june fourteenth ,flight
please list all flights from dallas to philadelphia on monday ,flight
show me the flights from cleveland to memphis ,flight
please give me flights from atlanta to boston on wednesday and thursday ,flight
show me ground transportation in philadelphia on monday morning ,ground_service
what delta leaves boston for atlanta ,flight
find me the earliest boston departure and the latest atlanta return trip so that i can be on the ground the maximum amount of time in atlanta and return to boston on the same day ,flight
show me flights from boston to washington leaving july fifteen ,flight
i would like the time of your earliest flight in the morning from philadelphia to washington on american airlines ,flight_time
show me the flights from baltimore to boston ,flight
please list the flight schedule from baltimore to san francisco on friday nights ,flight_time
how long is a trip from philadelphia airport to downtown philadelphia ,distance
sure i'd like to determine what aircraft are use on july seventh leaving from boston and arriving in atlanta on july seventh ,aircraft
baltimore to philadelphia ,flight
what are the flights and fares from atlanta to philadelphia ,flight;atis_airfare
united airlines flights stopping in denver ,flight
what flights are available wednesday afternoon from denver to san francisco ,flight
round trip fares from denver to philadelphia less than 1000 dollars ,airfare
list the first class flights from baltimore to denver ,flight
what are the fares from newark to la monday and wednesday ,airfare
what flights from chicago to kansas city ,flight
please show me flights from dallas to atlanta on monday ,flight
flights to baltimore ,flight
show me the latest flight to love field ,flight
how many of delta's night flights are first class ,quantity
on united airlines give me the flight times from boston to dallas ,flight_time
show me the ground transportation schedule in philadelphia in the morning on wednesday ,ground_service
what is the last flight from boston to atlanta ,flight
what flights fly from denver to san francisco on monday tuesday wednesday thursday and friday ,flight
show me the flights from boston to philadelphia ,flight
i also need to go to san francisco on wednesday evening from dallas ,flight
from kansas city to salt lake city on delta arrive around 8 pm tomorrow ,flight
in new york i'll need to rent a car ,ground_service
show me flights from denver to boston on thursday ,flight
i would like to book a flight from charlotte to baltimore on april eighth ,flight
flights from oakland to san francisco on january twenty first 1992 ,flight
how much is a limousine between dallas fort worth international airport and dallas ,ground_fare
is there a flight from boston to san francisco making a stopover in dallas fort worth ,flight
what time are the flights from baltimore to san francisco ,flight_time
from las vegas to phoenix departing in the morning ,flight
how many passengers can a boeing 737 hold ,capacity
i would like a flight that leaves on friday from philadelphia to dallas that makes a stop in atlanta ,flight
thank you for that information now i would like information on a flight on april sixteen from atlanta to philadelphia early in the morning ,flight
what time is the last flight from washington to san francisco ,flight_time
show me the least expensive flight leaving miami on sunday after 12 o'clock noon and arriving cleveland ,flight
what do you have tomorrow morning from pittsburgh to atlanta ,flight
how much is the cheapest flight from denver to pittsburgh ,airfare
what is the cheapest one way fare from pittsburgh to atlanta traveling on tuesday august twentieth ,airfare
show me the flights from denver to san diego leaving after 5 pm ,flight
what is the latest first class flight of the day leaving dallas for san francisco ,flight
show me a list of flights from pittsburgh to baltimore on august third ,flight
show morning flights from san francisco to pittsburgh ,flight
what are the flights from memphis to tacoma ,flight
can you list all nonstop flights between st. petersburg and charlotte that leave in the afternoon and arrive soon after 5 pm ,flight
show me all united flights from denver to san francisco for september first 1991 ,flight
are there wednesday morning flights between pittsburgh and boston ,flight
list all american airlines from milwaukee to phoenix on saturday ,flight
give me the flights on december twenty seventh with the fares from indianapolis to orlando ,flight
okay all right do you have a flight on united airlines from atlanta to washington ,flight
show flights from denver to oakland arriving between 12 and 1 o'clock ,flight
list all nonstop flights on sunday from tampa to charlotte ,flight
i would like to make a one way flight from boston to atlanta ,flight
is there a flight in the afternoon from philadelphia that arrives in the evening in denver ,flight
what is the first flight from atlanta to baltimore that serves lunch ,flight
list list flights between oakland and denver ,flight
please give me a flight from boston to atlanta before 10 am in the morning ,flight
list the nonstop flights early tuesday morning from dallas to atlanta ,flight
what's the lowest round trip fare from denver to pittsburgh ,airfare
please arrange a flight for me from denver to san francisco on us air ,flight
i would like to see information for flights from san francisco leaving after 12 pm to pittsburgh on monday ,flight
show me the cheapest flight from pittsburgh to atlanta on wednesday which leaves before noon and serves breakfast ,flight
what is the earliest flight from washington to san francisco ,flight
list flights from pittsburgh to los angeles which leave on thursday after 5 pm ,flight
list the flights from new york to miami on a tuesday which are nonstop and cost less than 466 dollars ,flight
list flights from denver to san francisco no denver to philadelphia ,flight
i need to find a plane from boston to san francisco on friday ,aircraft
what does lax stand for ,abbreviation
show prices for all flights from baltimore to dallas on july twenty ninth ,airfare
what flights are available from boston to washington late monday evening or early tuesday morning ,flight
what flights from washington dc to toronto ,flight
all flights from boston to washington dc on november eleventh before 10 am ,flight
list all flights from denver to philadelphia ,flight
i need a list of late afternoon flights from st. louis to chicago ,flight
show me the airlines for flights to or from love field ,airline
do you have any flights from chicago to indianapolis ,flight
what does yn stand for ,abbreviation
shortest flights from nashville to st. petersburg ,flight
what are the fares for flights between atlanta and dfw ,airfare
list the fares of midway airlines flights from boston to philadelphia ,airfare
round trip fares from denver to philadelphia less than 1000 dollars ,airfare
is there a continental flight leaving from las vegas to new york nonstop ,flight
i need the cost of a ticket going from denver to baltimore a first class ticket on united airlines ,airfare
show me fares from philadelphia to san francisco on thursday morning ,airfare
show me the round trip flights between phoenix and salt lake city ,flight
show me all the flights from denver to baltimore arriving may tenth ,flight
find the cheapest one way fare from boston to san francisco ,airfare
show me the flights from boston to san francisco ,flight
please show me the flights from boston to san francisco ,flight
show me the airlines from love field ,airline
show business class fares on us air from boston to toronto ,airfare
what is the latest flight leaving las vegas for ontario ,flight
flights from las vegas to phoenix ,flight
does flight ua 270 from denver to philadelphia have a meal ,flight
what nonstop flights are available from oakland to philadelphia arriving between 5 and 6 pm ,flight
give me the flights for american airline from philadelphia to dallas ,flight
show me the evening flights from atlanta to washington on wednesdays ,flight
i would like a coach class seat on a flight leaving denver arriving atlanta ,flight
can you list all the flights between phoenix and las vegas ,flight
show me the qx fare flights between atlanta and oakland on delta airlines ,flight
what afternoon flights are available between denver and dallas fort worth ,flight
fares and flights from pittsburgh to philadelphia ,airfare
can you tell me what airline flies between denver and san francisco ,airline
how many flights does each airline have with booking class k ,quantity
great now what i want to find out is on april twentieth from washington to denver do you have a flight least expensive fare around 5 o'clock in the morning ,flight
show me all direct flights from san francisco to boston departing before noon ,flight
i need a flight on thursday before 8 am from oakland to salt lake city ,flight
show me all the types of aircraft ,aircraft
i want a flight on continental from boston to san francisco ,flight
show flights from pittsburgh into san francisco ,flight
what city is mco ,city
how many cities are served by american airline with first class flights ,quantity
could you please show me all flights from charlotte to milwaukee ,flight
what flights depart san francisco after 4 pm and fly to washington via indianapolis ,flight
i would like to see the flights from denver to philadelphia ,flight
show me the flights that go from san diego to newark new jersey by way of houston ,flight
i would like information on flights from denver to san francisco after noon on wednesday ,flight
show me the flights from boston to pittsburgh ,flight
show me all flights from san diego to new york nonstop ,flight
show me the round trip tickets from baltimore to atlanta ,airfare
show me the cheapest one way fares from san diego to miami ,airfare
could you show me all weekday flights from phoenix to denver ,flight
i would like to fly from boston to philadelphia next thursday ,flight
i'm planning a trip to pittsburgh and i live in denver can you help me ,flight
i would like to find the least expensive flight from boston to denver ,flight
i would like to go from atlanta to denver on tuesday ,flight
atlanta to pittsburgh july twenty third ,flight
show me the flights from boston to atlanta ,flight
what airlines fly from burbank to denver ,airline
okay we're going from washington to denver first class ticket i'd like to know the cost of a first class ticket ,airfare
i wish to book a flight from pittsburgh to atlanta coach discount fare ,flight
is it possible for me to fly from baltimore to san francisco ,flight
i want to fly from denver to san francisco with at least one stop ,flight
how many us air flights leave from washington ,quantity
please list any flight available leaving oakland california tuesday arriving philadelphia wednesday ,flight
i'd like to find a flight from las vegas to detroit michigan that leaves in the afternoon on monday ,flight
are there any flights from denver to pittsburgh with stops in atlanta ,flight
i'd like to know the information from boston to philadelphia nonstop ,flight
show me all flights from denver to philadelphia on saturday after sunday which leave after noon ,flight
what are the flights from dallas to baltimore ,flight
do you have a flight from san francisco to atlanta around 8 am ,flight
what flights from seattle to salt lake city ,flight
what is the cheapest flight from boston to bwi ,flight
are there any flights from new york to los angeles which stop over in milwaukee ,flight
what is the earliest flight from oakland to washington dc on sunday ,flight
are there any turboprop flights from pittsburgh to baltimore on december seventeenth ,flight
show me the morning flights from boston to philadelphia ,flight
newark to cleveland daily ,flight
evening flights from philadelphia to oakland ,flight
show me prices and times for first class travel from baltimore to dallas next summer ,airfare
what kind of plane flies from boston to pittsburgh after noon ,aircraft
i'd like to know what flights united airline has from dallas to san francisco ,flight
show me morning flights from toronto ,flight
what ground transportation is available at the boston airport ,ground_service
where do the flights from boston to oakland stop ,airport
show me the earliest flight from boston to san francisco ,flight
flights from la guardia or jfk to cleveland ,flight
find the cheapest one way fare from boston to san francisco ,airfare
what are the flights from washington dc to denver ,flight
give me information on flights from atlanta to washington dc on wednesday after 4 pm and thursday before 9 am ,flight
flights between baltimore and washington dc ,flight
what fare codes cover flights from philadelphia to san francisco ,abbreviation
are there any flights from boston to oakland that stop ,flight
list departure times from denver to philadelphia which are later than 10 o'clock and earlier than 2 pm ,flight_time
are there any airlines that have flights from boston to philadelphia that leave before 630 am ,airline
how many first class flights does united have today ,quantity
please show me the flights available from san francisco to pittsburgh on tuesday ,flight
i'm in miami and i'd like to travel to las vegas on sunday ,flight
show me flights from denver to philadelphia ,flight
i would like to fly from pittsburgh to atlanta on us air at the latest time possible in the evening ,flight
show me all flights from dallas to pittsburgh which leave on monday after 8 o'clock am ,flight
are there any nonstop flights leaving from denver arriving in baltimore on july seventh ,flight
list round trip flights between boston and oakland using twa ,flight
what are the sunday flights from oakland to washington dc ,flight
what flights are there on sunday from seattle to minneapolis ,flight
what flights from las vegas to montreal on saturday ,flight
what is the fare on continental 271 from dallas to san francisco ,airfare
show me flights denver to washington dc on thursday ,flight
what type of ground transportation is available at philadelphia airport ,ground_service
flights from phoenix to milwaukee on wednesday evening ,flight
show me the last flight from love field ,flight
can you list all flights that depart from orlando to kansas city ,flight
i want to fly from kansas city to chicago next wednesday arriving in the evening and returning the next day ,flight
what is the ground transportation available in the city of fort worth ,ground_service
i need a flight from baltimore to seattle that stops in minneapolis ,flight
what is the latest flight you have departing dallas to philadelphia ,flight
show me the flights from atlanta to philadelphia ,flight
show me the flights arriving at love field from other airports ,flight
what does ewr stand for ,abbreviation
what flights from denver to salt lake city ,flight
please give me the flight times the morning on united airlines for september twentieth from philadelphia to san francisco ,flight_time
what is the earliest arrival in salt lake city of a flight from toronto ,flight
i'd like to see all the flights from boston to philadelphia ,flight
what is fare code c ,abbreviation
what kind of aircraft does delta fly before 8 am on august second from boston to denver ,aircraft
flight from denver to san francisco in the afternoon ,flight
what is the first flight from boston to stapleton airport for tomorrow ,flight
i need to know what flights leave atlanta on sunday evening and arrive in baltimore ,flight
what are the flights from milwaukee to orlando on wednesday ,flight
what is the cheapest fare between denver and boston ,airfare
what airlines have business class ,airline
i need a flight from san francisco to pittsburgh and then pittsburgh to new york and new york to san francisco ,flight
what flights are there between washington dc and san francisco leaving washington after 6 pm on wednesday ,flight
what type of aircraft does eastern fly from atlanta to denver before 6 pm ,aircraft
i would like the flights available from boston to denver arriving in denver on 9 o'clock wednesday morning on or by 9 o'clock wednesday morning ,flight
what ground transportation is available at the baltimore airport ,ground_service
show me flights from atlanta to baltimore denver and dallas ,flight
what flights are there from minneapolis to chicago ,flight
flights from denver to pittsburgh on thursday ,flight
may i have a list of flights going from boston to denver on the twenty ninth of july ,flight
what flights are there between nashville and st. louis which are nonstop and arrive after noon and before 8 pm ,flight
please list the flight times for boston to pittsburgh ,flight_time
flight leaving from oakland to salt lake city ,flight
what are the different classes that an airline offers ,flight
could you tell me if there is ground transportation between the boston airport and boston downtown ,ground_service
ground transportation denver ,ground_service
what are the prices of the flights from atlanta to dallas in the morning ,airfare
how long does it take to fly from boston to atlanta ,distance
please list the friday afternoon flights from san jose to dallas on american airlines ,flight
is there an american airlines flight in the evening from dallas to san francisco ,flight
what ground transportation is available in denver ,ground_service
show me the fares from dallas to san francisco ,airfare
in pittsburgh i'd like to rent a car ,ground_service
i would like to find a flight that goes from tampa to montreal making a stop in new york and a flight that serves lunch ,flight
please give me flights from atlanta to boston on wednesday afternoon and thursday morning ,flight
can you list all flights leaving from st. louis and arriving in milwaukee ,flight
flights from montreal to las vegas ,flight
give me the flights from chicago to seattle on saturday morning ,flight
what is airline nw ,airline
i need a flight tonight from charlotte to las vegas with a stop in st. louis and i want dinner ,flight
what's the latest flight out of denver that arrives in pittsburgh next monday ,flight
please list the flights taking off and landing on general mitchell international airport ,flight
what limousine service is in boston ,ground_service
what is fare code y mean ,abbreviation
are there delta flights leaving denver ,flight
on thursday i'd like a flight from st. petersburg to miami ,flight
when do planes leave boston for ,flight
what flights are there wednesday morning from atlanta to philadelphia ,flight
show me all flights from san francisco to boston philadelphia or baltimore ,flight
what type of aircraft is used on the first flight from philadelphia to dallas in the morning ,aircraft
what are the flights from pittsburgh to oakland ,flight
list the morning flights at a 124 dollars from atlanta to boston ,flight
all flights from miami to new york ,flight
show flights from denver to oakland ,flight
show flights from philadelphia to san francisco ,flight
i'd like a flight tomorrow late from nashville to houston with dinner please ,flight
show me all prices of economy from baltimore to dallas ,airfare
i need a flight from montreal quebec to san diego california leaving this sunday ,flight
show me the cheapest one way flight from san francisco to boston leaving san francisco after 9 pm ,flight
does united airlines have flights between boston and denver ,flight
i would like to fly us air from orlando to cleveland in the late evening what do you have available ,flight
what are the flights from milwaukee to orlando on wednesday night ,flight
show me the flights from newark to los angeles ,flight
can you give me the evening flight on wednesday from washington to atlanta again ,flight
what are the flights and prices from la to charlotte for monday morning ,flight
what first class flights are available on july twenty fifth 1991 from denver to baltimore ,flight
show me all flights from pittsburgh to baltimore tomorrow which serve a meal ,flight
show me all the flights between philadelphia and denver ,flight
flights from phoenix to newark ,flight
all flights from pittsburgh to dallas round trip after 12 pm less than 100 ,flight
thanks and what's the last flight back from washington to boston ,flight
show me the flights from boston to baltimore ,flight
what does fare code q mean ,abbreviation
show me the flights arriving in baltimore from philadelphia at about 4 o'clock ,flight
what is the cheapest fare from baltimore to dallas in any class ,airfare
give me all nonstops from new york to vegas that arrive on a sunday ,flight
what is sa ,abbreviation
show me the flights from boston to san francisco ,flight
what does fare code qo mean ,abbreviation
i need information on flights leaving dallas arriving in boston leaving dallas early in the morning ,flight
what is the earliest flight on thursday from atlanta to washington dc ,flight
what flights are available saturday to san francisco from dallas ,flight
i'd like to fly from boston to san francisco ,flight
how many flights does american airlines have from boston to atlanta ,quantity
does midwest express have any flights from montreal to nashville ,flight
show me all economy prices from dallas to baltimore ,airfare
and how much does it cost to travel from boston airport to downtown ,airfare
all flights before 10 am boston denver ,flight
show me the flights that go from san diego to newark with one stop in houston ,flight
show me the earliest flight on wednesday from baltimore to newark ,flight
i'd like to book the cheapest one way flight from pittsburgh to atlanta on july twentieth ,flight
what does mco mean ,abbreviation
show me all the flights from charlotte to cleveland ,flight
do you have a flight from salt lake city to st. petersburg ,flight
what is the earliest flight from boston to atlanta ,flight
i'd like a flight tomorrow from kansas city to newark in the morning ,flight
show me all flights from boston to detroit ,flight
show me the flights arriving in baltimore on june fifteenth leaving either from denver or dallas ,flight
show me the flights from love field to other airports ,flight
what is the earliest flight i can get from baltimore to boston ,flight
what is the round trip thrift fare on us air from boston to san francisco ,airfare
show me flights from los angeles to pittsburgh on monday evening ,flight
i would like a flight from atlanta to denver ,flight
give me all the flights from memphis to charlotte ,flight
from philadelphia to toronto ,flight
newark to cleveland ,flight
list all american airline flights which leave phoenix on wednesday and stop at milwaukee ,flight
show me all flights from pittsburgh to baltimore tomorrow ,flight
is there a direct flight from denver to pittsburgh in the morning of august thirty first that is nonstop ,flight
which airline offers the cheapest rate going from dallas to baltimore on july fourth ,airline
does midwest express serve charlotte ,flight
show me all the flights from philadelphia to san francisco ,flight
ground transportation in denver ,ground_service
show me all flights from boston to dallas fort worth both direct and connecting that arrive before noon ,flight
show flights from philadelphia to dallas on saturday ,flight
and flights leaving from atlanta to oakland leaving after 5 pm ,flight
okay and on may four i would like to go from atlanta to denver leaving early in the morning around 8 ,flight
all flights from boston to washington dc on november eleventh ,flight
what are the early morning flights from boston to denver ,flight
what is the cheapest flight from denver to pittsburgh leaving on september twenty eighth ,flight
flight from dallas to oakland california on monday ,flight
i would like to fly from dallas to san francisco on saturday and arrive in san francisco before 4 pm ,flight
morning flights out of san francisco arriving boston afternoon ,flight
i'd like to see flights from baltimore to atlanta that arrive before noon ,flight
find me the earliest boston departure for atlanta and the lastest return trip from atlanta so that i can be in atlanta the longest amount of time but return to boston the same day ,flight
please give me the cheapest round trip airfare from atlanta to philadelphia on august the first ,airfare
i would like information on flights from philadelphia to oakland california on friday afternoon ,flight
what afternoon flights are available from pittsburgh to atlanta on a weekday ,flight
show ground transportation in denver ,ground_service
please show me airlines with flights from denver to boston with stop in philadelphia ,airline
dallas to baltimore ,flight
rental cars in washington dc ,ground_service
does american airlines fly to san francisco from atlanta ,flight
kindly give me the type of aircraft used to fly from atlanta to denver ,aircraft
give me flights from denver to baltimore ,flight
what is fare class h ,abbreviation
what is the earliest flight from washington to san francisco on friday that serves breakfast ,flight
what flights are there from atlanta to washington early on thursday mornings ,flight
what kind of ground transportation is there in dallas ,ground_service
could i have a list of flights in first class on monday from san francisco to pittsburgh starting at noon and afterwards ,flight
how much is a us air boston to pittsburgh daily nonstop flight ,airfare
i'd like to go from boston to atlanta sometime after 5 pm can you tell me the flights that could do that for me ,flight
what's fare code yn ,abbreviation
airports in new york ,airport
i'd like to arrange for two friends to fly into los angeles next saturday evening one of the people is coming from kansas city and the other is coming from las vegas ,flight
show me all overnight flights from washington dc to san francisco and list their fares ,flight
what ground transportation is there in atlanta ,ground_service
flights from pittsburgh to baltimore arriving between 4 and 5 pm ,flight
what does fare code qw mean ,abbreviation
show flights from new york city to las vegas ,flight
i need information for ground transportation denver colorado ,ground_service
list the flight from philadelphia to san francisco on american airlines ,flight
show me the airlines for flights to or from love field ,airline
list nonstop flights from san francisco to oakland that depart in the afternoon ,flight
which airline serves denver pittsburgh and atlanta ,airline
how many first class flights does delta airlines have ,quantity
please show flights arriving in philadelphia from denver ,flight
now show me the flights from pittsburgh to baltimore ,flight
show me flights from milwaukee to orlando on wednesday night or thursday morning ,flight
i would like to fly delta airlines from atlanta to pittsburgh ,flight
what is fare code f ,abbreviation
what are the flights for united airlines on september twentieth in the morning ,flight
show all airlines with flights between denver and dallas ,airline
cheapest fare from nashville to seattle ,airfare
how many flights does american airlines have with a class of service code f ,quantity
find a nonstop flight between boston and washington arriving in washington around 5 pm ,flight
pittsburgh to baltimore please on january one ,flight
show me the costs and times for flights from san francisco to atlanta ,airfare;atis_flight_time
what airlines fly from boston to denver ,airline
what ground transportation is there in atlanta ,ground_service
how far from the airport in the dallas fort worth airport is dallas ,distance
list all flights from tampa florida to miami that are the cheapest one way ,flight
show me the flights from philadelphia to baltimore ,flight
ground transportation in denver ,ground_service
please list all flights from atlanta to baltimore on wednesday and thursday ,flight
does flight dl 1083 from philadelphia to denver fly on saturdays ,flight
i would like to book a flight going from tampa to seattle on may twenty sixth i would like to stop in milwaukee on the way ,flight
i want to fly from boston to atlanta i would like the cheapest fare please ,flight
show me the flights from montreal to philly ,flight
what flights are available sunday afternoon from oakland to dallas ,flight
explain the restriction ap 80 ,abbreviation
i want to go from baltimore to san francisco with a stopover in denver ,flight
information on a flight from san francisco to philadelphia ,flight
shortest morning flights from cincinnati to tampa ,flight
what are the flights from boston to washington on october fifteenth 1991 ,flight
what flights are there on wednesday evening from denver to sfo ,flight
show me a list of flights on american airlines from boston to dc on july twenty second ,flight
us air 269 leaving boston at 428 what is the arrival time in baltimore ,flight
i would like information on flights leaving early monday morning from atlanta to baltimore ,flight
now show me the flights from memphis to cleveland ,flight
what flights leave from nashville to phoenix ,flight
show me the air fare for the flights from baltimore to dallas ,airfare
what are the flights from denver to san francisco ,flight
which airlines go from san francisco to washington by way of indianapolis ,airline
all flights from washington dc to san francisco on november twelfth ,flight
round trip fares from pittsburgh to philadelphia under 1000 dollars ,airfare
show nonstop flights from new york to miami on a tuesday which cost less than 466 dollars one way ,flight
i'd like flights on american airlines from philadelphia to dallas arriving before 1145 am ,flight
show business class fares from san francisco to denver on united airlines ,airfare
what is the earliest flight between logan and bwi ,flight
describe pittsburgh airport ,airport
show flights on us air from pittsburgh to oakland connecting through denver ,flight
list all nonstop flights on tuesday before noon from charlotte to baltimore ,flight
minneapolis to phoenix on monday ,flight
please list me the flights and their cost of all airlines flying from denver to baltimore ,flight;atis_airfare
what airline uses the code hp ,airline
find a flight from san francisco to boston on wednesday ,flight
could you tell me about ground transportation arrangements from the dallas airport to downtown dallas ,ground_service
display all flights from pittsburgh to san francisco on august second ,flight
give me morning flights from charlotte to baltimore ,flight
anything from baltimore or washington with a stopover in denver going to san francisco ,flight
show me flights from boston to denver ,flight
show me the flights from columbus to charlotte ,flight
i need a flight from new york city to montreal thursday may six ,flight
philadelphia to san francisco ,flight
what is the earliest flight from boston to san francisco ,flight
is there a limousine service available from the pittsburgh airport ,ground_service
boston ground transportation ,ground_service
the earliest flight from boston to san francisco please that will be serving a meal ,flight
what does code qw mean ,abbreviation
what airline is hp ,airline
what are the costs of car rental in dallas ,ground_fare
show me the flights leaving saturday or sunday from milwaukee to phoenix ,flight
i'm interested in a flight from pittsburgh to atlanta ,flight
flights from kansas city to cleveland on wednesday ,flight
is there a nonstop flight from denver to san francisco ,flight
display all flights from san francisco to boston on august eighth ,flight
which airlines have flights between philadelphia and pittsburgh ,airline
i want to go from boston to atlanta on monday ,flight
what is the next flight from pittsburgh to san francisco after delta flight 1059 ,flight
show me the least expensive flight from miami to cleveland on sunday after noon ,flight
what type of aircraft is used flying from atlanta to denver before 12 noon ,aircraft
show me all flights from boston to atlanta which leave atlanta after noon tomorrow ,flight
how much does it cost to rent a car in tacoma ,ground_fare
what kind of airplane is flight ua 270 from denver to philadelphia ,aircraft
list all flights from boston to atlanta before 5 o'clock am on thursday ,flight
i'd like the earliest flight from dallas to boston ,flight
show me the flights on delta from atlanta in the morning ,flight
what flights from salt lake city to las vegas ,flight
show me the list of flights between philadelphia and denver that leave in the afternoon ,flight
what is the fare from atlanta to boston on coach one way ,airfare
how many fares are there one way from tacoma to montreal ,quantity
i would like to know some information on flights leaving philadelphia arriving in pittsburgh in the afternoon ,flight
what flights are available from pittsburgh to boston on wednesday of next week ,flight
is there a flight on continental airlines from boston to denver ,flight
pm flights dallas to atlanta ,flight
information on flights from baltimore to philadelphia ,flight
what flights from atlanta to st. louis on tuesday arriving around 230 pm ,flight
show me ground transportation in san francisco ,ground_service
what flights do you have from newark new jersey to ontario california that connect in phoenix ,flight
